<metadata xml:lang="de">
	<Esri>
		<CreaDate>20241027</CreaDate>
		<CreaTime>22484900</CreaTime>
		<ArcGISFormat>1.0</ArcGISFormat>
		<SyncOnce>TRUE</SyncOnce>
		<DataProperties>
			<lineage>
				<Process ToolSource="z:\data\software\arcgis\server\framework\runtime\arcgis\Resources\ArcToolbox\toolboxes\Conversion Tools.tbx\JSONToFeatures" Date="20241027" Time="224849">JSONToFeatures Z:\data\arcgis\directories\arcgisjobs\utilities_itnrw\featureset2geodatascript_gpserver\j2bd9cb8718924659b333e836cf18e96b\scratch\B-2021-AI016-1--AI1601--2024-10-27.json Z:\data\arcgis\directories\arcgisjobs\utilities_itnrw\featureset2geodatascript_gpserver\j2bd9cb8718924659b333e836cf18e96b\scratch\B-2021-AI016-1--AI1601--2024-10-27.shp Polygon</Process>
				<Process ToolSource="z:\data\software\arcgis\server\framework\runtime\arcgis\Resources\ArcToolbox\toolboxes\Data Management Tools.tbx\RepairGeometry" Date="20241027" Time="224850">RepairGeometry Z:\data\arcgis\directories\arcgisjobs\utilities_itnrw\featureset2geodatascript_gpserver\j2bd9cb8718924659b333e836cf18e96b\scratch\B-2021-AI016-1--AI1601--2024-10-27.shp KEEP_NULL Esri</Process>
			</lineage>
		</DataProperties>
	</Esri>
</metadata>
