<?xml version="1.0" encoding="UTF-8"?>
<metadata>
  <idinfo>
    <citation>
      <citeinfo>
        <origin>New Jersey Office of Information Technology (NJOIT), Office of Geographic Information Systems (OGIS)</origin>
        <pubdate>20160720</pubdate>
        <title>State of New Jersey, New Jersey State Plane NAD83</title>
        <geoform>vector digital data</geoform>
        <pubinfo>
          <pubplace>Trenton, NJ, US</pubplace>
          <publish>New Jersey Office of Information Technology (NJOIT), Office of Geographic Information Systems (OGIS)</publish>
        </pubinfo>
        <onlink>https://njgin.state.nj.us/NJ_NJGINExplorer/DataDownloads.jsp</onlink>
      </citeinfo>
    </citation>
    <descript>
      <abstract>This data set is a spatial representation of the jurisdiction of the State of New Jersey developed by the New Jersey Office of Information Technology (OIT), Office of Geographic Information Systems (OGIS). It is not a survey document and should not be used as such. The polygon delineated in this data set does not represent the legal state boundary. This data set improves upon previous versions of the state boundary through the integration of coincident features from several high quality source data sets, as a component of the OGIS statewide Parcels Normalization Project concluded in March 2010.</abstract>
      <purpose>To provide basic jurisdictional information. This data set was developed to produce the most accurate delineation of the state boundary achievable from existing data sources.</purpose>
      <supplinf>Spatially referenced data were derived from the following GIS layers to build municipal boundary lines. They include: Delaware Geological Survey - New Jersey/Delaware boundary data through the Delaware River New Jersey Department of Environmental Protection, Bureau of Geographic Information Systems - New Jersey/New York boundary data for Ellis Island New Jersey Department of Environmental Protection, Bureau of Geographic Information Systems - land use/landcover data delineation for the New Jersey/New York boundary for Liberty Island New Jersey Department of Environmental Protection, New Jersey Geological Survey - New Jersey/New York boundary data for the northern border of New Jersey, and New Jersey/New York boundary data through the Hudson River, Kill Van Kull and Raritan Bay, and New Jersey/Delaware boundary data through Delaware Bay New Jersey Office of Information Technology, Office of Geographic Information Systems - New Jersey/Pennsylvania boundary data, and Atlantic Coast "Three Mile Limit"</supplinf>
    </descript>
    <timeperd>
      <timeinfo>
        <sngdate>
          <caldate>20160720</caldate>
        </sngdate>
      </timeinfo>
      <current>publication date</current>
    </timeperd>
    <status>
      <progress>Complete</progress>
      <update>As needed</update>
    </status>
    <spdom>
      <bounding>
        <westbc>-75.593271</westbc>
        <eastbc>-73.890308</eastbc>
        <northbc>41.357794</northbc>
        <southbc>38.849424</southbc>
      </bounding>
    </spdom>
    <keywords>
      <theme>
        <themekt>NJGIN</themekt>
        <themekey>njfw_boundaries</themekey>
      </theme>
      <theme>
        <themekt>ISO 19115 Topic Category</themekt>
        <themekey>boundaries</themekey>
      </theme>
      <theme>
        <themekt>None</themekt>
        <themekey>3 mile limit</themekey>
        <themekey>boundary</themekey>
        <themekey>state</themekey>
        <themekey>three mile limit</themekey>
      </theme>
      <theme>
        <themekt>ISO 19115 Topic Categories</themekt>
        <themekey>boundaries</themekey>
      </theme>
      <place>
        <placekt>None</placekt>
        <placekey>USA</placekey>
        <placekey>Mid-Atlantic</placekey>
        <placekey>NJ</placekey>
        <placekey>New Jersey</placekey>
        <placekey>PA</placekey>
        <placekey>Pennsylvania</placekey>
        <placekey>DE</placekey>
        <placekey>Delaware</placekey>
        <placekey>NY</placekey>
        <placekey>New York</placekey>
        <placekey>Atlantic Ocean</placekey>
        <placekey>Delaware River</placekey>
        <placekey>Delaware Bay</placekey>
        <placekey>Hudson River</placekey>
        <placekey>Raritan Bay</placekey>
        <placekey>Kill Van Kull</placekey>
        <placekey>Ellis Island</placekey>
        <placekey>Liberty Island</placekey>
        <placekey>Shooters Island</placekey>
      </place>
      <temporal>
        <tempkt>None</tempkt>
        <tempkey>2016</tempkey>
        <tempkey>2010</tempkey>
        <tempkey>2008</tempkey>
      </temporal>
    </keywords>
    <accconst>None</accconst>
    <useconst>This data set is not a survey document and should not be used as such. The polygon delineated in this data set does not represent the legal state boundary. Acknowledgement of the data set provider, the New Jersey Office of Information Technology, Office of Geographic Information Systems (NJOIT - OGIS), would be appreciated for maps, data or other products derived from this data set. For all data contained herein, the New Jersey Office of Information Technology, Office of Geographic Information Systems makes no representations of any kind, including, but not limited to, the warranties of merchantability or fitness for a particular use, nor are any such warranties to be implied with respect to the digital data layers furnished hereunder. The New Jersey Office of Information Technology, Office of Geographic Information Systems assumes no responsibility to maintain them in any manner or form.</useconst>
    <ptcontac>
      <cntinfo>
        <cntorgp>
          <cntorg>NJ Office of Information Technology (NJOIT), Office of Geographic Information Systems (OGIS)</cntorg>
          <cntper>Patrick McDonald</cntper>
        </cntorgp>
        <cntpos>GIS Specialist</cntpos>
        <cntaddr>
          <addrtype>mailing</addrtype>
          <address>PO Box 212</address>
          <city>Trenton</city>
          <state>NJ</state>
          <postal>08625-0212</postal>
          <country>US</country>
        </cntaddr>
        <cntvoice>(609) 777-4590</cntvoice>
        <cntfax>(609) 633-0400</cntfax>
        <cntemail>patrick.mcdonald@oit.nj.gov</cntemail>
        <hours>M-F 9-4</hours>
        <cntinst>email preferred</cntinst>
      </cntinfo>
    </ptcontac>
    <datacred>Delaware Geological Survey - New Jersey/Delaware boundary data through the Delaware River New Jersey Department of Environmental Protection, Bureau of Geographic Information Systems - New Jersey/New York boundary data for Ellis Island New Jersey Department of Environmental Protection, Bureau of Geographic Information Systems - land use/landcover data delineation for the New Jersey/New York boundary for Liberty Island New Jersey Department of Environmental Protection, New Jersey Geological Survey - New Jersey/New York boundary data for the northern border of New Jersey, and New Jersey/New York boundary data through the Hudson River, Kill Van Kull and Raritan Bay, and New Jersey/Delaware boundary data through Delaware Bay New Jersey Office of Information Technology, Office of Geographic Information Systems - New Jersey/Pennsylvania boundary data, and Atlantic Coast "Three Mile Limit"</datacred>
    <secinfo>
      <secsys>ARCGIS</secsys>
      <secclass>Unclassified</secclass>
      <sechandl>no special handling required</sechandl>
    </secinfo>
    <native>Microsoft Windows 7 Version 6.1 (Build 7601) Service Pack 1; Esri ArcGIS 10.3.1.4959</native>
  </idinfo>
  <dataqual>
    <attracc>
      <attraccr>The ACRES and SQ_MILES fields were recalculated based on SHAPE_AREA. No formal accuracy testing was performed to qualify or validate attribute data.</attraccr>
    </attracc>
    <logic>This data set was built from linework from various sources (described in the Process Step section) using the default cluster tolerance of 0.003 US survey feet.</logic>
    <complete>Complete</complete>
    <posacc>
      <horizpa>
        <horizpar>Horizontal positional accuracy used to generate the state boundary varies by source data. No formal horizontal positional accuracy testing was performed to qualify or validate these data. Data were visually inspected.</horizpar>
      </horizpa>
    </posacc>
    <lineage>
      <srcinfo>
        <srccite>
          <citeinfo>
            <origin>NJ Department of Environmental Protection (NJDEP), Office of Information Resources Management (OIRM), Bureau of Geographic Information Systems (BGIS)</origin>
            <pubdate>19990101</pubdate>
            <title>Ellis Island: New Jersey/New York Jurisdictional Boundary Line</title>
            <geoform>vector digital data</geoform>
            <pubinfo>
              <pubplace>Trenton, NJ, US</pubplace>
              <publish>NJ Department of Environmental Protection (NJDEP), Office of Information Resources Management (OIRM), Bureau of Geographic Information Systems (BGIS)</publish>
            </pubinfo>
            <onlink>none</onlink>
          </citeinfo>
        </srccite>
        <typesrc>onLine</typesrc>
        <srctime>
          <timeinfo>
            <sngdate>
              <caldate>18570101</caldate>
            </sngdate>
          </timeinfo>
          <srccurr>ground condition</srccurr>
        </srctime>
        <srccitea>Ellis Island</srccitea>
        <srccontr>New Jersey Department of Environmental Protection, Bureau of Geographic Information Systems data representing the New Jersey/New York boundary for Ellis Island delineated from an 1857 US Coast Survey Map</srccontr>
      </srcinfo>
      <srcinfo>
        <srccite>
          <citeinfo>
            <origin>New Jersey Department of Environmental Protection, New Jersey Geological Survey</origin>
            <pubdate>20070101</pubdate>
            <title>New Jersey/New York and New Jersey/Delaware boundary data</title>
            <geoform>vector digital data</geoform>
            <pubinfo>
              <pubplace>West Trenton, NJ, US</pubplace>
              <publish>New Jersey Department of Environmental Protection, New Jersey Geological Survey</publish>
            </pubinfo>
            <onlink>none</onlink>
          </citeinfo>
        </srccite>
        <typesrc>onLine</typesrc>
        <srctime>
          <timeinfo>
            <sngdate>
              <caldate>20070101</caldate>
            </sngdate>
          </timeinfo>
          <srccurr>publication date</srccurr>
        </srctime>
        <srccitea>NJGS</srccitea>
        <srccontr>New Jersey Department of Environmental Protection, New Jersey Geological Survey - New Jersey/New York boundary data for the northern border of New Jersey, and New Jersey/New York boundary data through the Hudson River, Kill Van Kull and Raritan Bay, and New Jersey/Delaware boundary data through Delaware Bay</srccontr>
      </srcinfo>
      <srcinfo>
        <srccite>
          <citeinfo>
            <origin>Delaware Geological Survey</origin>
            <pubdate>20040101</pubdate>
            <title>2002 Delaware State Outline (line)</title>
            <geoform>vector digital data</geoform>
            <pubinfo>
              <pubplace>Newark, DE, US</pubplace>
              <publish>Delaware Geological Survey</publish>
            </pubinfo>
            <onlink>http://www.state.de.us/planning/info/outline.htm</onlink>
          </citeinfo>
        </srccite>
        <typesrc>onLine</typesrc>
        <srctime>
          <timeinfo>
            <sngdate>
              <caldate>19350101</caldate>
            </sngdate>
          </timeinfo>
          <srccurr>ground condition</srccurr>
        </srctime>
        <srccitea>DGS</srccitea>
        <srccontr>Delaware Geological Survey New Jersey/Delaware boundary data through the Delaware River delineated from descriptions in a 1934-1935 Court Decree of the US Supreme Court</srccontr>
      </srcinfo>
      <srcinfo>
        <srccite>
          <citeinfo>
            <origin>United States Board on Geographic Names, United State Geological Survey</origin>
            <pubdate>20080401</pubdate>
            <title>Domestic Names - State and Topical Gazetteer Download Files</title>
            <geoform>tabular digital data</geoform>
            <pubinfo>
              <pubplace>Reston, VA, US</pubplace>
              <publish>United States Board on Geographic Names, United State Geological Survey</publish>
            </pubinfo>
            <onlink>http://geonames.usgs.gov/domestic/download_data.htm</onlink>
          </citeinfo>
        </srccite>
        <typesrc>onLine</typesrc>
        <srctime>
          <timeinfo>
            <sngdate>
              <caldate>20080401</caldate>
            </sngdate>
          </timeinfo>
          <srccurr>publication date</srccurr>
        </srctime>
        <srccitea>GNIS</srccitea>
        <srccontr>United States Board on Geographic Names, United State Geological Survey GNIS civil codes and names</srccontr>
      </srcinfo>
      <srcinfo>
        <srccite>
          <citeinfo>
            <origin>New Jersey Department of Environmental Protection (NJDEP), Office of Information Resources Management (OIRM), Bureau of Geographic Information Systems (BGIS)</origin>
            <pubdate>20070206</pubdate>
            <title>2002 Landuse/Landcover by Watershed Management Area (WMA)</title>
            <geoform>vector digital data</geoform>
            <pubinfo>
              <pubplace>Trenton, NJ, US</pubplace>
              <publish>New Jersey Department of Environmental Protection (NJDEP), Office of Information Resources Management (OIRM), Bureau of Geographic Information Systems (BGIS)</publish>
            </pubinfo>
            <onlink>http://www.nj.gov/dep/gis/lulc02shp.html</onlink>
          </citeinfo>
        </srccite>
        <srcscale>12000</srcscale>
        <typesrc>onLine</typesrc>
        <srctime>
          <timeinfo>
            <sngdate>
              <caldate>20020101</caldate>
            </sngdate>
          </timeinfo>
          <srccurr>ground condition</srccurr>
        </srctime>
        <srccitea>LULC</srccitea>
        <srccontr>New Jersey Department of Environmental Protection, Bureau of Geographic Information Systems land use/landcover data delineation for the New Jersey/New York boundary for Liberty Island</srccontr>
      </srcinfo>
      <procstep>
        <procdesc>A three nautical miles buffer from the Atlantic shoreline was created from the NJOIT-OGIS Municipalities of New Jersey (nj_munis) data set using the BUFFER command. This line forms the state boundary along the Atlantic coast.</procdesc>
        <procdate>20070101</procdate>
        <proccont>
          <cntinfo>
            <cntorgp>
              <cntorg>Civil Solutions</cntorg>
              <cntper>Steve Eckhardt</cntper>
            </cntorgp>
            <cntpos>GIS Client Manager</cntpos>
            <cntaddr>
              <addrtype>mailing</addrtype>
              <address>800 S White Horse Pike, PO Box 579</address>
              <city>Hammonton</city>
              <state>NJ</state>
              <postal>08037-2019</postal>
              <country>US</country>
            </cntaddr>
            <cntvoice>(800) 924-0482</cntvoice>
            <cntfax>(609) 704-8011</cntfax>
            <cntemail>seckh@arh-us.com</cntemail>
            <hours>Monday-Friday 8:00 AM-5:00 PM</hours>
          </cntinfo>
        </proccont>
      </procstep>
      <procstep>
        <procdesc>New Jersey Department of Environmental Protection, New Jersey Geological Survey New Jersey/New York boundary data were used as primary data sources for the northern border of New Jersey, and New Jersey/New York boundary data through the Hudson River, Kill Van Kull and Raritan Bay, and New Jersey/Delaware boundary data through Delaware Bay. Survey points were used to delineate the New Jersey/New York boundary for the northern border of the state. Turning points through the Hudson River, Kill Van Kull and Raritan Bay were used to delineate the New Jersey/New York boundary, and the New Jersey/Delaware boundary through Delaware Bay.</procdesc>
        <procdate>20070201</procdate>
        <proccont>
          <cntinfo>
            <cntorgp>
              <cntorg>Civil Solutions</cntorg>
              <cntper>Steve Eckhardt</cntper>
            </cntorgp>
            <cntpos>GIS Client Manager</cntpos>
            <cntaddr>
              <addrtype>mailing</addrtype>
              <address>800 S White Horse Pike, PO Box 579</address>
              <city>Hammonton</city>
              <state>NJ</state>
              <postal>08037-2019</postal>
              <country>US</country>
            </cntaddr>
            <cntvoice>(800) 924-0482</cntvoice>
            <cntfax>(609) 704-8011</cntfax>
            <cntemail>seckh@arh-us.com</cntemail>
            <hours>Monday-Friday 8:00 AM-5:00 PM</hours>
          </cntinfo>
        </proccont>
      </procstep>
      <procstep>
        <procdesc>Delaware Geological Survey boundary data for the New Jersey/Delaware border through the Delaware River were used as a primary data source. Boundary, boundary monument, and boundary reference monument positions were calculated at the 1934 mean low water line along the New Jersey shoreline from descriptions in a 1934/1935 United States Supreme Court Decree.</procdesc>
        <procdate>20070301</procdate>
        <proccont>
          <cntinfo>
            <cntorgp>
              <cntorg>Civil Solutions</cntorg>
              <cntper>Steve Eckhardt</cntper>
            </cntorgp>
            <cntpos>GIS Client Manager</cntpos>
            <cntaddr>
              <addrtype>mailing</addrtype>
              <address>800 S White Horse Pike, PO Box 579</address>
              <city>Hammonton</city>
              <state>NJ</state>
              <postal>08037-2019</postal>
              <country>US</country>
            </cntaddr>
            <cntvoice>(800) 924-0482</cntvoice>
            <cntfax>(609) 704-8011</cntfax>
            <cntemail>seckh@arh-us.com</cntemail>
            <hours>Monday-Friday 8:00 AM-5:00 PM</hours>
          </cntinfo>
        </proccont>
      </procstep>
      <procstep>
        <procdesc>A delineation of the centerline of the Delaware River representing the New Jersey/Pennsylvania boundary was developed for the project. An inventory of Delaware River islands with state jurisdiction was developed from information in "The Story Of New Jersey's Civil Boundaries 1606 - 1968" by John F. Snyder, Bureau of Geology and Topography, Trenton, New Jersey, 1969. Using this information, a delineation was generated to represent the centerline of the Delaware River from the New Jersey/New York border to the 12 mile circle at the New Jersey/Delaware border. The delineation of the centerline of the Delaware River was generated by manually digitizing the river's visible shorelines, interpreted from New Jersey Office of Information Technology, Office of Geographic Information Systems 2002 orthophotography (+/-4 feet). A centerline was generated from the shorelines utilizing the DUAL COLLAPSE command. Using the automated centerline as a guide, the final delineation was manually digitized to provide a smoother, more visually suitable centerline.</procdesc>
        <procdate>20080101</procdate>
        <proccont>
          <cntinfo>
            <cntorgp>
              <cntorg>Civil Solutions</cntorg>
              <cntper>Steve Eckhardt</cntper>
            </cntorgp>
            <cntpos>GIS Client Manager</cntpos>
            <cntaddr>
              <addrtype>mailing</addrtype>
              <address>800 S White Horse Pike, PO Box 579</address>
              <city>Hammonton</city>
              <state>NJ</state>
              <postal>08037-2019</postal>
              <country>US</country>
            </cntaddr>
            <cntvoice>(800) 924-0482</cntvoice>
            <cntfax>(609) 704-8011</cntfax>
            <cntemail>seckh@arh-us.com</cntemail>
            <hours>Monday-Friday 8:00 AM-5:00 PM</hours>
          </cntinfo>
        </proccont>
      </procstep>
      <procstep>
        <procdesc>The polygon was built from the source data in ArcCatalog using the POLYGON FEATURE CLASS FROM LINES command with the default cluster tolerance of 0.003 US survey feet.</procdesc>
        <procdate>20080401</procdate>
        <proccont>
          <cntinfo>
            <cntorgp>
              <cntorg>Civil Solutions</cntorg>
              <cntper>Stephen Eckhardt</cntper>
            </cntorgp>
            <cntpos>GIS Client Manager</cntpos>
            <cntaddr>
              <addrtype>mailing</addrtype>
              <address>800 S White Horse Pike, PO Box 579</address>
              <city>Hammonton</city>
              <state>New Jersey</state>
              <postal>08037-2019</postal>
              <country>US</country>
            </cntaddr>
            <cntvoice>800-924-0482</cntvoice>
            <cntfax>609-704-8011</cntfax>
            <cntemail>seckh@arh-us.com</cntemail>
            <hours>Monday-Friday 8:00 AM-5:00 PM</hours>
          </cntinfo>
        </proccont>
      </procstep>
      <procstep>
        <procdesc>New Jersey Department of Environmental Protection, Bureau of Geographic Information Systems data representing the New Jersey/New York boundary for Ellis Island were used as a primary data source. These data were delineated from an 1857 United States Coast Survey Map.</procdesc>
        <procdate>20080501</procdate>
        <proccont>
          <cntinfo>
            <cntorgp>
              <cntorg>Civil Solutions</cntorg>
              <cntper>Steve Eckhardt</cntper>
            </cntorgp>
            <cntpos>GIS Client Manager</cntpos>
            <cntaddr>
              <addrtype>mailing</addrtype>
              <address>800 S White Horse Pike, PO Box 579</address>
              <city>Hammonton</city>
              <state>NJ</state>
              <postal>08037-2019</postal>
              <country>US</country>
            </cntaddr>
            <cntvoice>(800) 924-0482</cntvoice>
            <cntfax>(609) 704-8011</cntfax>
            <cntemail>seckh@arh-us.com</cntemail>
            <hours>Monday-Friday 8:00 AM-5:00 PM</hours>
          </cntinfo>
        </proccont>
      </procstep>
      <procstep>
        <procdesc>New Jersey Department of Environmental Protection, Bureau of Geographic Information Systems land use/landcover data were used as a primary data source to develop the New Jersey/New York boundary for Liberty Island. These data were derived from New Jersey Office of Information Technology, Office of Geographic Information Systems 2002 orthophotography (+/-4 feet). The delineation from the land use/landcover data for the shoreline of Liberty Island was used to represent the state boundary coincident with that shoreline. Liberty Island is part of New York, but the surrounding waters are in New Jersey.</procdesc>
        <procdate>20080515</procdate>
        <proccont>
          <cntinfo>
            <cntorgp>
              <cntorg>Civil Solutions</cntorg>
              <cntper>Stephen Eckhardt</cntper>
            </cntorgp>
            <cntpos>GIS Client Manager</cntpos>
            <cntaddr>
              <addrtype>mailing</addrtype>
              <address>800 S White Horse Pike, PO Box 579</address>
              <city>Hammonton</city>
              <state>NJ</state>
              <postal>08037-2019</postal>
              <country>US</country>
            </cntaddr>
            <cntvoice>(800) 924-0482</cntvoice>
            <cntfax>(609) 704-8011</cntfax>
            <cntemail>seckh@arh-us.com</cntemail>
            <hours>Monday-Friday 8:00 AM-5:00 PM</hours>
          </cntinfo>
        </proccont>
      </procstep>
      <procstep>
        <procdesc>The Liberty Island data set and the area selected from the Ellis Island data set belonging to New York were merged into the state polygon using the CONSTRUCT FEATURES tool. Those areas were then deleted from the state polygon.</procdesc>
        <procdate>20080531</procdate>
        <proccont>
          <cntinfo>
            <cntorgp>
              <cntorg>Civil Solutions</cntorg>
              <cntper>Steve Eckhardt</cntper>
            </cntorgp>
            <cntpos>GIS Client Manager</cntpos>
            <cntaddr>
              <addrtype>mailing</addrtype>
              <address>800 S White Horse Pike, PO Box 579</address>
              <city>Hammonton</city>
              <state>NJ</state>
              <postal>08037-2019</postal>
              <country>US</country>
            </cntaddr>
            <cntvoice>(800) 924-0482</cntvoice>
            <cntfax>(609) 704-8011</cntfax>
            <cntemail>seckh@arh-us.com</cntemail>
            <hours>Monday-Friday 8:00 AM-5:00 PM</hours>
          </cntinfo>
        </proccont>
      </procstep>
      <procstep>
        <procdesc>As a component of the New Jersey Office of Information Technology, Office of GIS (OGIS) Parcels Normalization Project in 2008-2010, parcels boundaries were modified to match municipal, county and state boundaries data developed by OGIS in 2008 where those boundaries were coincident. During this process, modifications were made to the municipal, county and state boundaries data sets to improve spatial and temporal accuracy where research was necessary to resolve boundary conflicts, and in areas where higher quality data became available subsequent to the 2008 boundaries data release.</procdesc>
        <procdate>20100201</procdate>
        <proccont>
          <cntinfo>
            <cntorgp>
              <cntorg>Civil Solutions</cntorg>
              <cntper>Steve Eckhardt</cntper>
            </cntorgp>
            <cntpos>GIS Client Manager</cntpos>
            <cntaddr>
              <addrtype>mailing</addrtype>
              <address>800 S White Horse Pike, PO Box 579</address>
              <city>Hammonton</city>
              <state>NJ</state>
              <postal>08037-2019</postal>
              <country>US</country>
            </cntaddr>
            <cntvoice>(800) 924-0482</cntvoice>
            <cntfax>(609) 704-8011</cntfax>
            <cntemail>seckh@arh-us.com</cntemail>
            <hours>8-5</hours>
          </cntinfo>
        </proccont>
      </procstep>
      <procstep>
        <procdesc>Attributes were added to the attribute table. The ACRES and SQ_MILES fields were recalculated based on SHAPE_AREA. Attributes for Geographical Naming Information System (GNIS) codes and names were reviewed in collaboration with GNIS-US Geological Survey and US Census Bureau representatives. No formal accuracy testing was performed to qualify or validate attribute data.</procdesc>
        <procdate>20100309</procdate>
        <proccont>
          <cntinfo>
            <cntorgp>
              <cntorg>NJ Office of Information Technology (NJOIT), Office of Geographic Information Systems (OGIS)</cntorg>
              <cntper>Douglas M. Schleifer</cntper>
            </cntorgp>
            <cntpos>GIS Specialist</cntpos>
            <cntaddr>
              <addrtype>mailing</addrtype>
              <address>PO Box 212</address>
              <city>Trenton</city>
              <state>NJ</state>
              <postal>08625-0212</postal>
              <country>US</country>
            </cntaddr>
            <cntvoice>(609) 984-7544</cntvoice>
            <cntfax>(609) 633-0400</cntfax>
            <cntemail>doug.schleifer@oit.state.nj.us</cntemail>
            <hours>M-F 9-4</hours>
          </cntinfo>
        </proccont>
      </procstep>
      <procstep>
        <procdesc>It was noticed the some of the features from the nj_counties and nj_munis feature class boundaries had become slightly non-coincindent with the nj_state feature class boundary. The nj_state feature class was added to the legal boundaries topology feaure class with a rank of 1. Topology rules were set-up to require the nj_counties and nj_munis feature classes to be contained in the nj_state fature class. Topology rule was also added that requires the nj_state feature class boundary to be coincident with the nj_munis_arcs feature class. The part of the nj_state boundary that is not coincident with nj_munis_arcs boundaries (Atlantic Ocean, Deleware Bay, and Hudson River) were all mark as exceptions to this rule.</procdesc>
        <procdate>20160720</procdate>
        <proccont>
          <cntinfo>
            <cntorgp>
              <cntorg>NJ Office of Information Technology (NJOIT), Office of Geographic Information Systems (OGIS)</cntorg>
              <cntper>Patrick McDonald</cntper>
            </cntorgp>
            <cntpos>GIS Specialist</cntpos>
            <cntaddr>
              <addrtype>mailing</addrtype>
              <address>PO Box 212</address>
              <city>Trenton</city>
              <state>NJ</state>
              <postal>08625-0212</postal>
              <country>US</country>
            </cntaddr>
            <cntvoice>(609) 777-4590</cntvoice>
            <cntfax>(609) 633-0400</cntfax>
            <cntemail>patrick.mcdonald@oit.nj.gov</cntemail>
            <hours>M-F 9-4</hours>
            <cntinst>email preferred</cntinst>
          </cntinfo>
        </proccont>
      </procstep>
    </lineage>
  </dataqual>
  <spdoinfo>
    <direct>Vector</direct>
    <ptvctinf>
      <sdtsterm>
        <sdtstype>GT-polygon composed of chains</sdtstype>
        <ptvctcnt>1</ptvctcnt>
      </sdtsterm>
    </ptvctinf>
  </spdoinfo>
  <spref>
    <horizsys>
      <planar>
        <mapproj>
          <mapprojn>NAD 1983 StatePlane New Jersey FIPS 2900 Feet</mapprojn>
          <transmer>
            <sfctrmer>0.9999</sfctrmer>
            <longcm>-74.5</longcm>
            <latprjo>38.83333333333334</latprjo>
            <feast>492125.0</feast>
            <fnorth>0.0</fnorth>
          </transmer>
        </mapproj>
        <planci>
          <plance>coordinate pair</plance>
          <coordrep>
            <absres>0.0003280833333333333</absres>
            <ordres>0.0003280833333333333</ordres>
          </coordrep>
          <plandu>foot_us</plandu>
        </planci>
      </planar>
      <geodetic>
        <horizdn>D North American 1983</horizdn>
        <ellips>GRS 1980</ellips>
        <semiaxis>6378137.0</semiaxis>
        <denflat>298.257222101</denflat>
      </geodetic>
    </horizsys>
  </spref>
  <eainfo>
    <detailed>
      <enttyp>
        <enttypl>NJ_STATE</enttypl>
        <enttypd>New Jersey State boundary</enttypd>
        <enttypds>New Jersey Office of Information Technology, Office of Geographic Information Systems</enttypds>
      </enttyp>
      <attr>
        <attrlabl>OBJECTID</attrlabl>
        <attrdef>Internal feature number.</attrdef>
        <attrdefs>ESRI</attrdefs>
        <attrdomv>
          <udom>Sequential unique whole numbers that are automatically generated.</udom>
        </attrdomv>
      </attr>
      <attr>
        <attrlabl>NAME</attrlabl>
        <attrdef>state name</attrdef>
        <attrdefs>New Jersey Office of Information Technology, Office of Geographic Information Systems</attrdefs>
        <attrdomv>
          <udom>state name</udom>
        </attrdomv>
      </attr>
      <attr>
        <attrlabl>GNIS_NAME</attrlabl>
        <attrdef>state name (GNIS)</attrdef>
        <attrdefs>Bureau of Geographic Names - United States Geological Survey</attrdefs>
        <attrdomv>
          <udom>state name (GNIS)</udom>
        </attrdomv>
      </attr>
      <attr>
        <attrlabl>GNIS</attrlabl>
        <attrdef>GNIS civil code</attrdef>
        <attrdefs>Bureau of Geographic Names - United States Geological Survey</attrdefs>
        <attrdomv>
          <codesetd>
            <codesetn>GNIS civil code</codesetn>
            <codesets>Bureau of Geographic Names - United States Geological Survey</codesets>
          </codesetd>
        </attrdomv>
      </attr>
      <attr>
        <attrlabl>ACRES</attrlabl>
        <attrdef>area of the state in acres (calculated from square feet in attribute table)</attrdef>
        <attrdefs>New Jersey Office of Information Technology, Office of Geographic Information Systems</attrdefs>
        <attrdomv>
          <edom>
            <edomv>5549741.34</edomv>
            <edomvd>area of the state in acres</edomvd>
            <edomvds>calculated from square feet from the SHAPE_AREA field in the attribute table</edomvds>
          </edom>
        </attrdomv>
      </attr>
      <attr>
        <attrlabl>SQ_MILES</attrlabl>
        <attrdef>area of municipality in square miles (calculated from square feet in attribute table)</attrdef>
        <attrdefs>New Jersey Office of Information Technology, Office of Geographic Information Systems</attrdefs>
        <attrdomv>
          <edom>
            <edomv>8671.47</edomv>
            <edomvd>area of municipality in square miles</edomvd>
            <edomvds>calculated from square feet from the SHAPE_AREA field in the attribute table</edomvds>
          </edom>
        </attrdomv>
      </attr>
      <attr>
        <attrlabl>SHAPE</attrlabl>
        <attrdef>Feature geometry.</attrdef>
        <attrdefs>ESRI</attrdefs>
        <attrdomv>
          <udom>Coordinates defining the features.</udom>
        </attrdomv>
      </attr>
      <attr>
        <attrlabl>Shape_Length</attrlabl>
        <attrdef>Length of feature in internal units.</attrdef>
        <attrdefs>ESRI</attrdefs>
        <attrdomv>
          <udom>Positive real numbers that are automatically generated.</udom>
        </attrdomv>
      </attr>
      <attr>
        <attrlabl>Shape_Area</attrlabl>
        <attrdef>Area of feature in internal units squared.</attrdef>
        <attrdefs>ESRI</attrdefs>
        <attrdomv>
          <udom>Positive real numbers that are automatically generated.</udom>
        </attrdomv>
      </attr>
    </detailed>
  </eainfo>
  <distinfo>
    <distrib>
      <cntinfo>
        <cntorgp>
          <cntorg>NJ Office of Information Technology (NJOIT), Office of Geographic Information Systems (OGIS)</cntorg>
          <cntper>Patrick McDonald</cntper>
        </cntorgp>
        <cntpos>GIS Specialist</cntpos>
        <cntaddr>
          <addrtype>mailing</addrtype>
          <address>PO Box 212</address>
          <city>Trenton</city>
          <state>NJ</state>
          <postal>08625-0212</postal>
          <country>US</country>
        </cntaddr>
        <cntvoice>(609) 984-7544</cntvoice>
        <cntfax>(609) 777-4590</cntfax>
        <cntemail>patrick.mcdonald@oit.nj.gov</cntemail>
        <hours>M-F 9-4</hours>
        <cntinst>email preferred</cntinst>
      </cntinfo>
    </distrib>
    <resdesc>Downloadable Data</resdesc>
    <distliab>Distribution Liability: The State of New Jersey provides this product "as is". The State makes no guarantee or warranty concerning the accuracy of information contained in the data. Also, the State makes no warranty, either expressed or implied, regarding the condition of the product or its fitness for any particular purpose. The burden for determining fitness for use lies entirely with the user. Although these data files have been processed successfully on computers at the State, no warranty is made by the State regarding the use of the data on any other system, nor does the fact of distribution constitute or imply such a warranty.</distliab>
    <stdorder>
      <digform>
        <digtinfo>
          <formname>File Geodatabase Feature Class</formname>
          <formvern>ArcGIS 9.3</formvern>
        </digtinfo>
        <digtopt>
          <onlinopt>
            <computer>
              <networka>
                <networkr>https://njgin.state.nj.us/NJ_NJGINExplorer/DataDownloads.jsp</networkr>
              </networka>
            </computer>
          </onlinopt>
          <onlinopt>
            <computer>
              <networka>
                <networkr>https://njgin.state.nj.us/NJ_NJGINExplorer/DataDownloads.jsp</networkr>
              </networka>
            </computer>
          </onlinopt>
        </digtopt>
      </digform>
      <fees>none</fees>
    </stdorder>
    <availabl>
      <timeinfo>
        <sngdate>
          <caldate>20160720</caldate>
        </sngdate>
      </timeinfo>
    </availabl>
    <techpreq>An ESRI desktop mapping client is required for use, such as ArcMap.</techpreq>
  </distinfo>
  <metainfo>
    <metd>20160719</metd>
    <metrd>20160720</metrd>
    <metc>
      <cntinfo>
        <cntorgp>
          <cntorg>NJ Office of Information Technology (NJOIT), Office of Geographic Information Systems (OGIS)</cntorg>
          <cntper>Patrick McDonald</cntper>
        </cntorgp>
        <cntpos>GIS Specialist</cntpos>
        <cntaddr>
          <addrtype>mailing</addrtype>
          <address>PO Box 212</address>
          <city>Trenton</city>
          <state>NJ</state>
          <postal>08625-0212</postal>
          <country>US</country>
        </cntaddr>
        <cntvoice>(609) 777-4590</cntvoice>
        <cntfax>(609) 633-0400</cntfax>
        <cntemail>patrick.mcdonald@oit.nj.gov</cntemail>
        <hours>M-F 9-4</hours>
        <cntinst>email preferred</cntinst>
      </cntinfo>
    </metc>
    <metstdn>FGDC Content Standard for Digital Geospatial Metadata</metstdn>
    <metstdv>FGDC-STD-001-1998</metstdv>
    <mettc>local time</mettc>
    <metsi>
      <metscs>ARCGIS</metscs>
      <metsc>Unclassified</metsc>
      <metshd>no special handling required</metshd>
    </metsi>
  </metainfo>
</metadata>
